Camarico|Africa
Fly Ethiopian|Africa
Fly SAA|Africa
Kenya Airways|Africa
Kulula|Africa
SAA UK|Africa
Air NZUSA|Asia
Asiana Airlines|Asia
Cathay Pacific|Asia
Cebu Pacific Air|Asia
CS Air Global|Asia
Etihad|Asia
Fly Air NZ|Asia
Fly Firefly|Asia
Fly Pal|Asia
Fly SpiceJet|Asia
Fly Sri Lanka|Asia
Indonesia Garuda|Asia
Jet Airways|Asia
Jet Star Airways|Asia
Korean Air KE|Asia
Kuwait Airways|Asia
MAS|Asia
Merpati|Asia
Qantas Airways|Asia
Qatar Airways|Asia
Saudi Airlines|Asia
Singapore Air|Asia
Thai Airways|Asia
TK|Asia
Aegean Airlines|Europe
Air Dolomiti|Europe
Air France|Europe
Al Italia|Europe
Austrian|Europe
Belavia By|Europe
British Airways|Europe
Bulgaria Air|Europe
Czech Airlines|Europe
Easy Jey|Europe
Finn Air UK|Europe
Fly Norwegian|Europe
Fly Swiss|Europe
Fly UIA|Europe
Flying Brussels|Europe
Iberia|Europe
Iceland Air|Europe
Jet Air Fly|Europe
KLM|Europe
Lufthansa|Europe
Monarch|Europe
Ta Portual|Europe
Volotea|Europe
Air Canada|North American
Alaska Air|North American
American Air|North American
Delta Assist|North American
Fly Frontier|North American
Frontier Airlines|North American
Hawaiian Air|North American
Hawkair Airline|North American
Jet Blue|North American
Mexicana Air|North American
Porter Airlines|North American
Soun Country Air|North American
Southwest Air|North American
United|North American
US Airways|North American
Virgin|North American
West Jet|North American
Aserca Airlines|South America
Avior Airlines|South America
Copa Airlines|South America
Lan Airlines USA|South America
Tam Airlines|South America
